 {
       "properties": {
          "CreditLimit": {
            "description": "The Credit Limit is",
            "type": "string",
            "required": true
          },
          "AvailableLimit": {
            "description": "The Available Limit is",
            "type": "string",
            "required": true
          },
          "Outstanding": {
            "description": "outstanding is",
            "type": "string",
            "required": true
          },
          "Outstanding": {
            "description": "outstanding is",
            "type": "string",
            "required": true
          },
          "OverDue": {
            "description": "the Overdue is",
            "type": "string",
            "required": true
          },
          
          "CreditOrderHoldFlag": {
            "description": "The Credit Order Hold Flagis",
            "type": "string",
            "required": true
          },
          "CreditStopFlag": {
            "description": "The Credit stop flag is",
            "type": "string",
            "required": true
          }
        }                  
      }